iso3,country_name,indicator,indicator_name,year,value_percent,country_longitude,country_latitude,status
AFG,Afghanistan,EN.POP.SLUM.UR.ZS,Population living in slums (% of urban population),,,,,not_fetched
ALB,Albania,EN.POP.SLUM.UR.ZS,Population living in slums (% of urban population),,,,,not_fetched
DZA,Algeria,EN.POP.SLUM.UR.ZS,Population living in slums (% of urban population),,,,,not_fetched
ASM,American Samoa,EN.POP.SLUM.UR.ZS,Population living in slums (% of urban population),,,,,not_fetched
AND,Andorra,EN.POP.SLUM.UR.ZS,Population living in slums (% of urban population),,,,,not_fetched
AGO,Angola,EN.POP.SLUM.UR.ZS,Population living in slums (% of urban population),,,,,not_fetched
AIA,Anguilla,EN.POP.SLUM.UR.ZS,Population living in slums (% of urban population),,,,,not_fetched
ATA,Antarctica,EN.POP.SLUM.UR.ZS,Population living in slums (% of urban population),,,,,not_fetched
ATG,Antigua and Barbuda,EN.POP.SLUM.UR.ZS,Population living in slums (% of urban population),,,,,not_fetched
ARG,Argentina,EN.POP.SLUM.UR.ZS,Population living in slums (% of urban population),,,,,not_fetched
ARM,Armenia,EN.POP.SLUM.UR.ZS,Population living in slums (% of urban population),,,,,not_fetched
ABW,Aruba,EN.POP.SLUM.UR.ZS,Population living in slums (% of urban population),,,,,not_fetched
AUS,Australia,EN.POP.SLUM.UR.ZS,Population living in slums (% of urban population),,,,,not_fetched
AUT,Austria,EN.POP.SLUM.UR.ZS,Population living in slums (% of urban population),,,,,not_fetched
AZE,Azerbaijan,EN.POP.SLUM.UR.ZS,Population living in slums (% of urban population),,,,,not_fetched
BHS,Bahamas,EN.POP.SLUM.UR.ZS,Population living in slums (% of urban population),,,,,not_fetched
BHR,Bahrain,EN.POP.SLUM.UR.ZS,Population living in slums (% of urban population),,,,,not_fetched
BGD,Bangladesh,EN.POP.SLUM.UR.ZS,Population living in slums (% of urban population),,,,,not_fetched
BRB,Barbados,EN.POP.SLUM.UR.ZS,Population living in slums (% of urban population),,,,,not_fetched
BLR,Belarus,EN.POP.SLUM.UR.ZS,Population living in slums (% of urban population),,,,,not_fetched
BEL,Belgium,EN.POP.SLUM.UR.ZS,Population living in slums (% of urban population),,,,,not_fetched
BLZ,Belize,EN.POP.SLUM.UR.ZS,Population living in slums (% of urban population),,,,,not_fetched
BEN,Benin,EN.POP.SLUM.UR.ZS,Population living in slums (% of urban population),,,,,not_fetched
BMU,Bermuda,EN.POP.SLUM.UR.ZS,Population living in slums (% of urban population),,,,,not_fetched
BTN,Bhutan,EN.POP.SLUM.UR.ZS,Population living in slums (% of urban population),,,,,not_fetched
BOL,"Bolivia, Plurinational State of",EN.POP.SLUM.UR.ZS,Population living in slums (% of urban population),,,,,not_fetched
BES,"Bonaire, Sint Eustatius and Saba",EN.POP.SLUM.UR.ZS,Population living in slums (% of urban population),,,,,not_fetched
BIH,Bosnia and Herzegovina,EN.POP.SLUM.UR.ZS,Population living in slums (% of urban population),,,,,not_fetched
BWA,Botswana,EN.POP.SLUM.UR.ZS,Population living in slums (% of urban population),,,,,not_fetched
BVT,Bouvet Island,EN.POP.SLUM.UR.ZS,Population living in slums (% of urban population),,,,,not_fetched
BRA,Brazil,EN.POP.SLUM.UR.ZS,Population living in slums (% of urban population),,,,,not_fetched
IOT,British Indian Ocean Territory,EN.POP.SLUM.UR.ZS,Population living in slums (% of urban population),,,,,not_fetched
BRN,Brunei Darussalam,EN.POP.SLUM.UR.ZS,Population living in slums (% of urban population),,,,,not_fetched
BGR,Bulgaria,EN.POP.SLUM.UR.ZS,Population living in slums (% of urban population),,,,,not_fetched
BFA,Burkina Faso,EN.POP.SLUM.UR.ZS,Population living in slums (% of urban population),,,,,not_fetched
BDI,Burundi,EN.POP.SLUM.UR.ZS,Population living in slums (% of urban population),,,,,not_fetched
CPV,Cabo Verde,EN.POP.SLUM.UR.ZS,Population living in slums (% of urban population),,,,,not_fetched
KHM,Cambodia,EN.POP.SLUM.UR.ZS,Population living in slums (% of urban population),,,,,not_fetched
CMR,Cameroon,EN.POP.SLUM.UR.ZS,Population living in slums (% of urban population),,,,,not_fetched
CAN,Canada,EN.POP.SLUM.UR.ZS,Population living in slums (% of urban population),,,,,not_fetched
CYM,Cayman Islands,EN.POP.SLUM.UR.ZS,Population living in slums (% of urban population),,,,,not_fetched
CAF,Central African Republic,EN.POP.SLUM.UR.ZS,Population living in slums (% of urban population),,,,,not_fetched
TCD,Chad,EN.POP.SLUM.UR.ZS,Population living in slums (% of urban population),,,,,not_fetched
CHL,Chile,EN.POP.SLUM.UR.ZS,Population living in slums (% of urban population),,,,,not_fetched
CHN,China,EN.POP.SLUM.UR.ZS,Population living in slums (% of urban population),,,,,not_fetched
CXR,Christmas Island,EN.POP.SLUM.UR.ZS,Population living in slums (% of urban population),,,,,not_fetched
CCK,Cocos (Keeling) Islands,EN.POP.SLUM.UR.ZS,Population living in slums (% of urban population),,,,,not_fetched
COL,Colombia,EN.POP.SLUM.UR.ZS,Population living in slums (% of urban population),,,,,not_fetched
COM,Comoros,EN.POP.SLUM.UR.ZS,Population living in slums (% of urban population),,,,,not_fetched
COG,Congo,EN.POP.SLUM.UR.ZS,Population living in slums (% of urban population),,,,,not_fetched
COD,"Congo, The Democratic Republic of the",EN.POP.SLUM.UR.ZS,Population living in slums (% of urban population),,,,,not_fetched
COK,Cook Islands,EN.POP.SLUM.UR.ZS,Population living in slums (% of urban population),,,,,not_fetched
CRI,Costa Rica,EN.POP.SLUM.UR.ZS,Population living in slums (% of urban population),,,,,not_fetched
HRV,Croatia,EN.POP.SLUM.UR.ZS,Population living in slums (% of urban population),,,,,not_fetched
CUB,Cuba,EN.POP.SLUM.UR.ZS,Population living in slums (% of urban population),,,,,not_fetched
CUW,Curaçao,EN.POP.SLUM.UR.ZS,Population living in slums (% of urban population),,,,,not_fetched
CYP,Cyprus,EN.POP.SLUM.UR.ZS,Population living in slums (% of urban population),,,,,not_fetched
CZE,Czechia,EN.POP.SLUM.UR.ZS,Population living in slums (% of urban population),,,,,not_fetched
CIV,Côte d'Ivoire,EN.POP.SLUM.UR.ZS,Population living in slums (% of urban population),,,,,not_fetched
DNK,Denmark,EN.POP.SLUM.UR.ZS,Population living in slums (% of urban population),,,,,not_fetched
DJI,Djibouti,EN.POP.SLUM.UR.ZS,Population living in slums (% of urban population),,,,,not_fetched
DMA,Dominica,EN.POP.SLUM.UR.ZS,Population living in slums (% of urban population),,,,,not_fetched
DOM,Dominican Republic,EN.POP.SLUM.UR.ZS,Population living in slums (% of urban population),,,,,not_fetched
ECU,Ecuador,EN.POP.SLUM.UR.ZS,Population living in slums (% of urban population),,,,,not_fetched
EGY,Egypt,EN.POP.SLUM.UR.ZS,Population living in slums (% of urban population),,,,,not_fetched
SLV,El Salvador,EN.POP.SLUM.UR.ZS,Population living in slums (% of urban population),,,,,not_fetched
GNQ,Equatorial Guinea,EN.POP.SLUM.UR.ZS,Population living in slums (% of urban population),,,,,not_fetched
ERI,Eritrea,EN.POP.SLUM.UR.ZS,Population living in slums (% of urban population),,,,,not_fetched
EST,Estonia,EN.POP.SLUM.UR.ZS,Population living in slums (% of urban population),,,,,not_fetched
SWZ,Eswatini,EN.POP.SLUM.UR.ZS,Population living in slums (% of urban population),,,,,not_fetched
ETH,Ethiopia,EN.POP.SLUM.UR.ZS,Population living in slums (% of urban population),,,,,not_fetched
FLK,Falkland Islands (Malvinas),EN.POP.SLUM.UR.ZS,Population living in slums (% of urban population),,,,,not_fetched
FRO,Faroe Islands,EN.POP.SLUM.UR.ZS,Population living in slums (% of urban population),,,,,not_fetched
FJI,Fiji,EN.POP.SLUM.UR.ZS,Population living in slums (% of urban population),,,,,not_fetched
FIN,Finland,EN.POP.SLUM.UR.ZS,Population living in slums (% of urban population),,,,,not_fetched
FRA,France,EN.POP.SLUM.UR.ZS,Population living in slums (% of urban population),,,,,not_fetched
GUF,French Guiana,EN.POP.SLUM.UR.ZS,Population living in slums (% of urban population),,,,,not_fetched
PYF,French Polynesia,EN.POP.SLUM.UR.ZS,Population living in slums (% of urban population),,,,,not_fetched
ATF,French Southern Territories,EN.POP.SLUM.UR.ZS,Population living in slums (% of urban population),,,,,not_fetched
GAB,Gabon,EN.POP.SLUM.UR.ZS,Population living in slums (% of urban population),,,,,not_fetched
GMB,Gambia,EN.POP.SLUM.UR.ZS,Population living in slums (% of urban population),,,,,not_fetched
GEO,Georgia,EN.POP.SLUM.UR.ZS,Population living in slums (% of urban population),,,,,not_fetched
DEU,Germany,EN.POP.SLUM.UR.ZS,Population living in slums (% of urban population),,,,,not_fetched
GHA,Ghana,EN.POP.SLUM.UR.ZS,Population living in slums (% of urban population),,,,,not_fetched
GIB,Gibraltar,EN.POP.SLUM.UR.ZS,Population living in slums (% of urban population),,,,,not_fetched
GRC,Greece,EN.POP.SLUM.UR.ZS,Population living in slums (% of urban population),,,,,not_fetched
GRL,Greenland,EN.POP.SLUM.UR.ZS,Population living in slums (% of urban population),,,,,not_fetched
GRD,Grenada,EN.POP.SLUM.UR.ZS,Population living in slums (% of urban population),,,,,not_fetched
GLP,Guadeloupe,EN.POP.SLUM.UR.ZS,Population living in slums (% of urban population),,,,,not_fetched
GUM,Guam,EN.POP.SLUM.UR.ZS,Population living in slums (% of urban population),,,,,not_fetched
GTM,Guatemala,EN.POP.SLUM.UR.ZS,Population living in slums (% of urban population),,,,,not_fetched
GGY,Guernsey,EN.POP.SLUM.UR.ZS,Population living in slums (% of urban population),,,,,not_fetched
GIN,Guinea,EN.POP.SLUM.UR.ZS,Population living in slums (% of urban population),,,,,not_fetched
GNB,Guinea-Bissau,EN.POP.SLUM.UR.ZS,Population living in slums (% of urban population),,,,,not_fetched
GUY,Guyana,EN.POP.SLUM.UR.ZS,Population living in slums (% of urban population),,,,,not_fetched
HTI,Haiti,EN.POP.SLUM.UR.ZS,Population living in slums (% of urban population),,,,,not_fetched
HMD,Heard Island and McDonald Islands,EN.POP.SLUM.UR.ZS,Population living in slums (% of urban population),,,,,not_fetched
VAT,Holy See (Vatican City State),EN.POP.SLUM.UR.ZS,Population living in slums (% of urban population),,,,,not_fetched
HND,Honduras,EN.POP.SLUM.UR.ZS,Population living in slums (% of urban population),,,,,not_fetched
HKG,Hong Kong,EN.POP.SLUM.UR.ZS,Population living in slums (% of urban population),,,,,not_fetched
HUN,Hungary,EN.POP.SLUM.UR.ZS,Population living in slums (% of urban population),,,,,not_fetched
ISL,Iceland,EN.POP.SLUM.UR.ZS,Population living in slums (% of urban population),,,,,not_fetched
IND,India,EN.POP.SLUM.UR.ZS,Population living in slums (% of urban population),,,,,not_fetched
IDN,Indonesia,EN.POP.SLUM.UR.ZS,Population living in slums (% of urban population),,,,,not_fetched
IRN,"Iran, Islamic Republic of",EN.POP.SLUM.UR.ZS,Population living in slums (% of urban population),,,,,not_fetched
IRQ,Iraq,EN.POP.SLUM.UR.ZS,Population living in slums (% of urban population),,,,,not_fetched
IRL,Ireland,EN.POP.SLUM.UR.ZS,Population living in slums (% of urban population),,,,,not_fetched
IMN,Isle of Man,EN.POP.SLUM.UR.ZS,Population living in slums (% of urban population),,,,,not_fetched
ISR,Israel,EN.POP.SLUM.UR.ZS,Population living in slums (% of urban population),,,,,not_fetched
ITA,Italy,EN.POP.SLUM.UR.ZS,Population living in slums (% of urban population),,,,,not_fetched
JAM,Jamaica,EN.POP.SLUM.UR.ZS,Population living in slums (% of urban population),,,,,not_fetched
JPN,Japan,EN.POP.SLUM.UR.ZS,Population living in slums (% of urban population),,,,,not_fetched
JEY,Jersey,EN.POP.SLUM.UR.ZS,Population living in slums (% of urban population),,,,,not_fetched
JOR,Jordan,EN.POP.SLUM.UR.ZS,Population living in slums (% of urban population),,,,,not_fetched
KAZ,Kazakhstan,EN.POP.SLUM.UR.ZS,Population living in slums (% of urban population),,,,,not_fetched
KEN,Kenya,EN.POP.SLUM.UR.ZS,Population living in slums (% of urban population),,,,,not_fetched
KIR,Kiribati,EN.POP.SLUM.UR.ZS,Population living in slums (% of urban population),,,,,not_fetched
PRK,"Korea, Democratic People's Republic of",EN.POP.SLUM.UR.ZS,Population living in slums (% of urban population),,,,,not_fetched
KOR,"Korea, Republic of",EN.POP.SLUM.UR.ZS,Population living in slums (% of urban population),,,,,not_fetched
KWT,Kuwait,EN.POP.SLUM.UR.ZS,Population living in slums (% of urban population),,,,,not_fetched
KGZ,Kyrgyzstan,EN.POP.SLUM.UR.ZS,Population living in slums (% of urban population),,,,,not_fetched
LAO,Lao People's Democratic Republic,EN.POP.SLUM.UR.ZS,Population living in slums (% of urban population),,,,,not_fetched
LVA,Latvia,EN.POP.SLUM.UR.ZS,Population living in slums (% of urban population),,,,,not_fetched
LBN,Lebanon,EN.POP.SLUM.UR.ZS,Population living in slums (% of urban population),,,,,not_fetched
LSO,Lesotho,EN.POP.SLUM.UR.ZS,Population living in slums (% of urban population),,,,,not_fetched
LBR,Liberia,EN.POP.SLUM.UR.ZS,Population living in slums (% of urban population),,,,,not_fetched
LBY,Libya,EN.POP.SLUM.UR.ZS,Population living in slums (% of urban population),,,,,not_fetched
LIE,Liechtenstein,EN.POP.SLUM.UR.ZS,Population living in slums (% of urban population),,,,,not_fetched
LTU,Lithuania,EN.POP.SLUM.UR.ZS,Population living in slums (% of urban population),,,,,not_fetched
LUX,Luxembourg,EN.POP.SLUM.UR.ZS,Population living in slums (% of urban population),,,,,not_fetched
MAC,Macao,EN.POP.SLUM.UR.ZS,Population living in slums (% of urban population),,,,,not_fetched
MDG,Madagascar,EN.POP.SLUM.UR.ZS,Population living in slums (% of urban population),,,,,not_fetched
MWI,Malawi,EN.POP.SLUM.UR.ZS,Population living in slums (% of urban population),,,,,not_fetched
MYS,Malaysia,EN.POP.SLUM.UR.ZS,Population living in slums (% of urban population),,,,,not_fetched
MDV,Maldives,EN.POP.SLUM.UR.ZS,Population living in slums (% of urban population),,,,,not_fetched
MLI,Mali,EN.POP.SLUM.UR.ZS,Population living in slums (% of urban population),,,,,not_fetched
MLT,Malta,EN.POP.SLUM.UR.ZS,Population living in slums (% of urban population),,,,,not_fetched
MHL,Marshall Islands,EN.POP.SLUM.UR.ZS,Population living in slums (% of urban population),,,,,not_fetched
MTQ,Martinique,EN.POP.SLUM.UR.ZS,Population living in slums (% of urban population),,,,,not_fetched
MRT,Mauritania,EN.POP.SLUM.UR.ZS,Population living in slums (% of urban population),,,,,not_fetched
MUS,Mauritius,EN.POP.SLUM.UR.ZS,Population living in slums (% of urban population),,,,,not_fetched
MYT,Mayotte,EN.POP.SLUM.UR.ZS,Population living in slums (% of urban population),,,,,not_fetched
MEX,Mexico,EN.POP.SLUM.UR.ZS,Population living in slums (% of urban population),,,,,not_fetched
FSM,"Micronesia, Federated States of",EN.POP.SLUM.UR.ZS,Population living in slums (% of urban population),,,,,not_fetched
MDA,"Moldova, Republic of",EN.POP.SLUM.UR.ZS,Population living in slums (% of urban population),,,,,not_fetched
MCO,Monaco,EN.POP.SLUM.UR.ZS,Population living in slums (% of urban population),,,,,not_fetched
MNG,Mongolia,EN.POP.SLUM.UR.ZS,Population living in slums (% of urban population),,,,,not_fetched
MNE,Montenegro,EN.POP.SLUM.UR.ZS,Population living in slums (% of urban population),,,,,not_fetched
MSR,Montserrat,EN.POP.SLUM.UR.ZS,Population living in slums (% of urban population),,,,,not_fetched
MAR,Morocco,EN.POP.SLUM.UR.ZS,Population living in slums (% of urban population),,,,,not_fetched
MOZ,Mozambique,EN.POP.SLUM.UR.ZS,Population living in slums (% of urban population),,,,,not_fetched
MMR,Myanmar,EN.POP.SLUM.UR.ZS,Population living in slums (% of urban population),,,,,not_fetched
NAM,Namibia,EN.POP.SLUM.UR.ZS,Population living in slums (% of urban population),,,,,not_fetched
NRU,Nauru,EN.POP.SLUM.UR.ZS,Population living in slums (% of urban population),,,,,not_fetched
NPL,Nepal,EN.POP.SLUM.UR.ZS,Population living in slums (% of urban population),,,,,not_fetched
NLD,Netherlands,EN.POP.SLUM.UR.ZS,Population living in slums (% of urban population),,,,,not_fetched
NCL,New Caledonia,EN.POP.SLUM.UR.ZS,Population living in slums (% of urban population),,,,,not_fetched
NZL,New Zealand,EN.POP.SLUM.UR.ZS,Population living in slums (% of urban population),,,,,not_fetched
NIC,Nicaragua,EN.POP.SLUM.UR.ZS,Population living in slums (% of urban population),,,,,not_fetched
NER,Niger,EN.POP.SLUM.UR.ZS,Population living in slums (% of urban population),,,,,not_fetched
NGA,Nigeria,EN.POP.SLUM.UR.ZS,Population living in slums (% of urban population),,,,,not_fetched
NIU,Niue,EN.POP.SLUM.UR.ZS,Population living in slums (% of urban population),,,,,not_fetched
NFK,Norfolk Island,EN.POP.SLUM.UR.ZS,Population living in slums (% of urban population),,,,,not_fetched
MKD,North Macedonia,EN.POP.SLUM.UR.ZS,Population living in slums (% of urban population),,,,,not_fetched
MNP,Northern Mariana Islands,EN.POP.SLUM.UR.ZS,Population living in slums (% of urban population),,,,,not_fetched
NOR,Norway,EN.POP.SLUM.UR.ZS,Population living in slums (% of urban population),,,,,not_fetched
OMN,Oman,EN.POP.SLUM.UR.ZS,Population living in slums (% of urban population),,,,,not_fetched
PAK,Pakistan,EN.POP.SLUM.UR.ZS,Population living in slums (% of urban population),,,,,not_fetched
PLW,Palau,EN.POP.SLUM.UR.ZS,Population living in slums (% of urban population),,,,,not_fetched
PSE,"Palestine, State of",EN.POP.SLUM.UR.ZS,Population living in slums (% of urban population),,,,,not_fetched
PAN,Panama,EN.POP.SLUM.UR.ZS,Population living in slums (% of urban population),,,,,not_fetched
PNG,Papua New Guinea,EN.POP.SLUM.UR.ZS,Population living in slums (% of urban population),,,,,not_fetched
PRY,Paraguay,EN.POP.SLUM.UR.ZS,Population living in slums (% of urban population),,,,,not_fetched
PER,Peru,EN.POP.SLUM.UR.ZS,Population living in slums (% of urban population),,,,,not_fetched
PHL,Philippines,EN.POP.SLUM.UR.ZS,Population living in slums (% of urban population),,,,,not_fetched
PCN,Pitcairn,EN.POP.SLUM.UR.ZS,Population living in slums (% of urban population),,,,,not_fetched
POL,Poland,EN.POP.SLUM.UR.ZS,Population living in slums (% of urban population),,,,,not_fetched
PRT,Portugal,EN.POP.SLUM.UR.ZS,Population living in slums (% of urban population),,,,,not_fetched
PRI,Puerto Rico,EN.POP.SLUM.UR.ZS,Population living in slums (% of urban population),,,,,not_fetched
QAT,Qatar,EN.POP.SLUM.UR.ZS,Population living in slums (% of urban population),,,,,not_fetched
ROU,Romania,EN.POP.SLUM.UR.ZS,Population living in slums (% of urban population),,,,,not_fetched
RUS,Russian Federation,EN.POP.SLUM.UR.ZS,Population living in slums (% of urban population),,,,,not_fetched
RWA,Rwanda,EN.POP.SLUM.UR.ZS,Population living in slums (% of urban population),,,,,not_fetched
REU,Réunion,EN.POP.SLUM.UR.ZS,Population living in slums (% of urban population),,,,,not_fetched
BLM,Saint Barthélemy,EN.POP.SLUM.UR.ZS,Population living in slums (% of urban population),,,,,not_fetched
SHN,"Saint Helena, Ascension and Tristan da Cunha",EN.POP.SLUM.UR.ZS,Population living in slums (% of urban population),,,,,not_fetched
KNA,Saint Kitts and Nevis,EN.POP.SLUM.UR.ZS,Population living in slums (% of urban population),,,,,not_fetched
LCA,Saint Lucia,EN.POP.SLUM.UR.ZS,Population living in slums (% of urban population),,,,,not_fetched
MAF,Saint Martin (French part),EN.POP.SLUM.UR.ZS,Population living in slums (% of urban population),,,,,not_fetched
SPM,Saint Pierre and Miquelon,EN.POP.SLUM.UR.ZS,Population living in slums (% of urban population),,,,,not_fetched
VCT,Saint Vincent and the Grenadines,EN.POP.SLUM.UR.ZS,Population living in slums (% of urban population),,,,,not_fetched
WSM,Samoa,EN.POP.SLUM.UR.ZS,Population living in slums (% of urban population),,,,,not_fetched
SMR,San Marino,EN.POP.SLUM.UR.ZS,Population living in slums (% of urban population),,,,,not_fetched
STP,Sao Tome and Principe,EN.POP.SLUM.UR.ZS,Population living in slums (% of urban population),,,,,not_fetched
SAU,Saudi Arabia,EN.POP.SLUM.UR.ZS,Population living in slums (% of urban population),,,,,not_fetched
SEN,Senegal,EN.POP.SLUM.UR.ZS,Population living in slums (% of urban population),,,,,not_fetched
SRB,Serbia,EN.POP.SLUM.UR.ZS,Population living in slums (% of urban population),,,,,not_fetched
SYC,Seychelles,EN.POP.SLUM.UR.ZS,Population living in slums (% of urban population),,,,,not_fetched
SLE,Sierra Leone,EN.POP.SLUM.UR.ZS,Population living in slums (% of urban population),,,,,not_fetched
SGP,Singapore,EN.POP.SLUM.UR.ZS,Population living in slums (% of urban population),,,,,not_fetched
SXM,Sint Maarten (Dutch part),EN.POP.SLUM.UR.ZS,Population living in slums (% of urban population),,,,,not_fetched
SVK,Slovakia,EN.POP.SLUM.UR.ZS,Population living in slums (% of urban population),,,,,not_fetched
SVN,Slovenia,EN.POP.SLUM.UR.ZS,Population living in slums (% of urban population),,,,,not_fetched
SLB,Solomon Islands,EN.POP.SLUM.UR.ZS,Population living in slums (% of urban population),,,,,not_fetched
SOM,Somalia,EN.POP.SLUM.UR.ZS,Population living in slums (% of urban population),,,,,not_fetched
ZAF,South Africa,EN.POP.SLUM.UR.ZS,Population living in slums (% of urban population),,,,,not_fetched
SGS,South Georgia and the South Sandwich Islands,EN.POP.SLUM.UR.ZS,Population living in slums (% of urban population),,,,,not_fetched
SSD,South Sudan,EN.POP.SLUM.UR.ZS,Population living in slums (% of urban population),,,,,not_fetched
ESP,Spain,EN.POP.SLUM.UR.ZS,Population living in slums (% of urban population),,,,,not_fetched
LKA,Sri Lanka,EN.POP.SLUM.UR.ZS,Population living in slums (% of urban population),,,,,not_fetched
SDN,Sudan,EN.POP.SLUM.UR.ZS,Population living in slums (% of urban population),,,,,not_fetched
SUR,Suriname,EN.POP.SLUM.UR.ZS,Population living in slums (% of urban population),,,,,not_fetched
SJM,Svalbard and Jan Mayen,EN.POP.SLUM.UR.ZS,Population living in slums (% of urban population),,,,,not_fetched
SWE,Sweden,EN.POP.SLUM.UR.ZS,Population living in slums (% of urban population),,,,,not_fetched
CHE,Switzerland,EN.POP.SLUM.UR.ZS,Population living in slums (% of urban population),,,,,not_fetched
SYR,Syrian Arab Republic,EN.POP.SLUM.UR.ZS,Population living in slums (% of urban population),,,,,not_fetched
TWN,"Taiwan, Province of China",EN.POP.SLUM.UR.ZS,Population living in slums (% of urban population),,,,,not_fetched
TJK,Tajikistan,EN.POP.SLUM.UR.ZS,Population living in slums (% of urban population),,,,,not_fetched
TZA,"Tanzania, United Republic of",EN.POP.SLUM.UR.ZS,Population living in slums (% of urban population),,,,,not_fetched
THA,Thailand,EN.POP.SLUM.UR.ZS,Population living in slums (% of urban population),,,,,not_fetched
TLS,Timor-Leste,EN.POP.SLUM.UR.ZS,Population living in slums (% of urban population),,,,,not_fetched
TGO,Togo,EN.POP.SLUM.UR.ZS,Population living in slums (% of urban population),,,,,not_fetched
TKL,Tokelau,EN.POP.SLUM.UR.ZS,Population living in slums (% of urban population),,,,,not_fetched
TON,Tonga,EN.POP.SLUM.UR.ZS,Population living in slums (% of urban population),,,,,not_fetched
TTO,Trinidad and Tobago,EN.POP.SLUM.UR.ZS,Population living in slums (% of urban population),,,,,not_fetched
TUN,Tunisia,EN.POP.SLUM.UR.ZS,Population living in slums (% of urban population),,,,,not_fetched
TKM,Turkmenistan,EN.POP.SLUM.UR.ZS,Population living in slums (% of urban population),,,,,not_fetched
TCA,Turks and Caicos Islands,EN.POP.SLUM.UR.ZS,Population living in slums (% of urban population),,,,,not_fetched
TUV,Tuvalu,EN.POP.SLUM.UR.ZS,Population living in slums (% of urban population),,,,,not_fetched
TUR,Türkiye,EN.POP.SLUM.UR.ZS,Population living in slums (% of urban population),,,,,not_fetched
UGA,Uganda,EN.POP.SLUM.UR.ZS,Population living in slums (% of urban population),,,,,not_fetched
UKR,Ukraine,EN.POP.SLUM.UR.ZS,Population living in slums (% of urban population),,,,,not_fetched
ARE,United Arab Emirates,EN.POP.SLUM.UR.ZS,Population living in slums (% of urban population),,,,,not_fetched
GBR,United Kingdom,EN.POP.SLUM.UR.ZS,Population living in slums (% of urban population),,,,,not_fetched
USA,United States,EN.POP.SLUM.UR.ZS,Population living in slums (% of urban population),,,,,not_fetched
UMI,United States Minor Outlying Islands,EN.POP.SLUM.UR.ZS,Population living in slums (% of urban population),,,,,not_fetched
URY,Uruguay,EN.POP.SLUM.UR.ZS,Population living in slums (% of urban population),,,,,not_fetched
UZB,Uzbekistan,EN.POP.SLUM.UR.ZS,Population living in slums (% of urban population),,,,,not_fetched
VUT,Vanuatu,EN.POP.SLUM.UR.ZS,Population living in slums (% of urban population),,,,,not_fetched
VEN,"Venezuela, Bolivarian Republic of",EN.POP.SLUM.UR.ZS,Population living in slums (% of urban population),,,,,not_fetched
VNM,Viet Nam,EN.POP.SLUM.UR.ZS,Population living in slums (% of urban population),,,,,not_fetched
VGB,"Virgin Islands, British",EN.POP.SLUM.UR.ZS,Population living in slums (% of urban population),,,,,not_fetched
VIR,"Virgin Islands, U.S.",EN.POP.SLUM.UR.ZS,Population living in slums (% of urban population),,,,,not_fetched
WLF,Wallis and Futuna,EN.POP.SLUM.UR.ZS,Population living in slums (% of urban population),,,,,not_fetched
ESH,Western Sahara,EN.POP.SLUM.UR.ZS,Population living in slums (% of urban population),,,,,not_fetched
YEM,Yemen,EN.POP.SLUM.UR.ZS,Population living in slums (% of urban population),,,,,not_fetched
ZMB,Zambia,EN.POP.SLUM.UR.ZS,Population living in slums (% of urban population),,,,,not_fetched
ZWE,Zimbabwe,EN.POP.SLUM.UR.ZS,Population living in slums (% of urban population),,,,,not_fetched
ALA,Åland Islands,EN.POP.SLUM.UR.ZS,Population living in slums (% of urban population),,,,,not_fetched
